method,path,samples,p50_ms,p95_ms,p99_ms,mean_ms,max_ms,hibernate_statements_mean,bytes_mean,statuses,mode,concurrency,rps,pool_pending_max,pool_active_max
GET,/api/v1/public/merch,200,3.445548,6.583357,7.710707,3.86008334,7.972284,0.0,7707.0,{'200': 200},HTTP + PostgreSQL,1,255.40483269285656,0,1
GET,/api/v1/public/merch,200,7.264684,12.135925,17.501864,7.8041586050000005,18.612562,0.0,7707.0,{'200': 200},HTTP + PostgreSQL,5,633.9277249935568,2,5
GET,/api/v1/public/merch,200,10.909648,16.868739,20.034931,11.71142088,22.901252,0.0,7707.0,{'200': 200},HTTP + PostgreSQL,10,830.3296159476428,5,5
GET,/api/v1/public/merch,200,22.645265,39.688305,50.785417,24.025897424999997,71.676832,0.0,7707.0,{'200': 200},HTTP + PostgreSQL,20,792.8173004183233,15,5
GET,/api/v1/public/merch/popular,200,12.736754,18.631035,21.420169,13.17448439,30.132569,0.0,3858.0,{'200': 200},HTTP + PostgreSQL,1,75.52913585490658,0,1
GET,/api/v1/public/merch/popular,200,23.608405,38.606444,42.817486,23.88987227,43.312061,0.0,3858.0,{'200': 200},HTTP + PostgreSQL,5,206.8421988723166,0,5
GET,/api/v1/public/merch/popular,200,32.801162,58.324525,69.753659,37.5185804,80.095629,0.0,3858.0,{'200': 200},HTTP + PostgreSQL,10,259.9337317925957,5,5
GET,/api/v1/public/merch/popular,200,74.361661,95.648728,99.980331,72.33798858,101.311861,0.0,3858.0,{'200': 200},HTTP + PostgreSQL,20,263.01437056339796,15,5
GET,/api/v1/customer/orders,200,9.727963,23.066447,26.472173,11.388254455000002,28.619673,0.0,20641.0,{'200': 200},HTTP + PostgreSQL,1,87.33241961032435,0,1
GET,/api/v1/customer/orders,200,12.273737,14.917915,17.999749,12.57848997,18.681603,0.0,20641.0,{'200': 200},HTTP + PostgreSQL,5,394.96812660538995,0,5
GET,/api/v1/customer/orders,200,23.748274,29.815828,31.528517,23.918139280000002,33.89993,0.0,20641.0,{'200': 200},HTTP + PostgreSQL,10,409.6124188718059,5,5
GET,/api/v1/customer/orders,200,46.342558,62.124173,71.720428,46.431235935000004,77.469263,0.0,20641.0,{'200': 200},HTTP + PostgreSQL,20,410.39797861758814,15,5
GET,/api/v1/customer/cart,200,3.892513,8.104206,11.567075,4.454098855,12.042233,0.0,11466.0,{'200': 200},HTTP + PostgreSQL,1,222.3237147271796,0,1
GET,/api/v1/customer/cart,200,11.949123,16.504049,21.249268,11.67255686,24.873176,0.0,11466.0,{'200': 200},HTTP + PostgreSQL,5,422.86366943167144,0,5
GET,/api/v1/customer/cart,200,27.0995,43.668359,47.582502,27.67334135,50.970018,0.0,11466.0,{'200': 200},HTTP + PostgreSQL,10,346.66752108655027,5,5
GET,/api/v1/customer/cart,200,50.878498,100.417113,110.557646,56.01070407500001,125.055692,0.0,11466.0,{'200': 200},HTTP + PostgreSQL,20,339.434373145617,15,5
GET,/api/v1/organizations/{orgId}/analytics,200,9.199438,13.104257,15.075182,9.547757325,16.11228,0.0,916.0,{'200': 200},HTTP + PostgreSQL,1,104.34776248019,0,1
GET,/api/v1/organizations/{orgId}/analytics,200,9.283122,12.549938,12.851926,9.725297525,14.124833,0.0,916.0,{'200': 200},HTTP + PostgreSQL,5,511.9405146418711,0,5
GET,/api/v1/organizations/{orgId}/analytics,200,19.511627,27.108787,29.499044,20.142726155000002,32.190963,0.0,916.0,{'200': 200},HTTP + PostgreSQL,10,484.48646599048294,5,5
GET,/api/v1/organizations/{orgId}/analytics,200,38.813132,61.718475,73.28949,40.379880629999995,79.052391,0.0,916.0,{'200': 200},HTTP + PostgreSQL,20,475.6069189572873,15,5
GET,/api/v1/public/orders/{orderId},200,0.935678,3.608524,5.523583,1.37023491,5.76113,0.0,1227.0,{'200': 200},HTTP + PostgreSQL,1,717.5953177106446,0,1
GET,/api/v1/public/orders/{orderId},200,1.466398,3.396936,5.584149,1.87892608,5.624404,0.0,1227.0,{'200': 200},HTTP + PostgreSQL,5,2584.3281790802976,0,5
GET,/api/v1/public/orders/{orderId},200,1.635921,6.919499,9.123984,2.327976705,10.366863,0.0,1227.0,{'200': 200},HTTP + PostgreSQL,10,3909.3546537026214,2,5
GET,/api/v1/public/orders/{orderId},200,3.496109,9.912953,11.237335,4.170825455,12.982808,0.0,1227.0,{'200': 200},HTTP + PostgreSQL,20,4426.100617969955,13,5
