method,path,samples,p50_ms,p95_ms,p99_ms,mean_ms,max_ms,hibernate_statements_mean,bytes_mean,statuses,mode
GET,/,30,2.146647,4.831234,5.395741,2.7316301,5.395741,0.0,254.0,{'200': 30},HTTP + PostgreSQL
GET,/api/v1/admin/orders,30,27.83775,45.969937,46.967838,30.178843533333335,46.967838,25.0,17351.0,{'200': 30},HTTP + PostgreSQL
GET,/api/v1/admin/organizations,30,14.483599,22.749053,23.985411,14.649856699999999,23.985411,5.0,6044.0,{'200': 30},HTTP + PostgreSQL
PATCH,/api/v1/admin/organizations/{id}/status,30,12.002802,17.780501,17.918956,12.550820433333334,17.918956,7.0,450.9,{'200': 30},HTTP + PostgreSQL
GET,/api/v1/admin/users,30,9.79761,18.389244,20.694741,10.698993133333335,20.694741,5.0,4840.0,{'200': 30},HTTP + PostgreSQL
PATCH,/api/v1/admin/users/{id}/active,30,8.154844,11.997562,12.041297,8.407607733333332,12.041297,5.0,343.9,{'200': 30},HTTP + PostgreSQL
PATCH,/api/v1/admin/users/{id}/role,30,8.130149,15.26922,18.327192,8.912443733333333,18.327192,5.0,344.96666666666664,{'200': 30},HTTP + PostgreSQL
POST,/api/v1/auth/forgot-password,30,6.79888,11.557958,16.273767,7.493134733333333,16.273767,5.0,128.0,{'200': 30},HTTP + PostgreSQL
POST,/api/v1/auth/login,30,76.194119,82.699932,82.727271,77.2197345,82.727271,3.0,1182.0,{'200': 30},HTTP + PostgreSQL
POST,/api/v1/auth/logout,30,6.794584,11.108975,11.954243,7.747403766666666,11.954243,6.0,102.0,{'200': 30},HTTP + PostgreSQL
POST,/api/v1/auth/refresh,30,6.683996,12.721504,15.230569,7.402207833333334,15.230569,5.0,1195.0,{'200': 30},HTTP + PostgreSQL
POST,/api/v1/auth/register,30,77.564029,84.769935,89.557188,79.33975570000001,89.557188,6.0,139.0,{'201': 30},HTTP + PostgreSQL
POST,/api/v1/auth/register/organizer,30,77.024105,80.922897,81.02986,77.4685511,81.02986,6.0,149.0,{'201': 30},HTTP + PostgreSQL
POST,/api/v1/auth/resend-otp,30,6.038125,10.483923,12.169252,6.726135766666667,12.169252,5.0,144.0,{'200': 30},HTTP + PostgreSQL
POST,/api/v1/auth/reset-password,30,79.51345,88.821731,91.356819,79.9808248,91.356819,4.0,126.0,{'200': 30},HTTP + PostgreSQL
POST,/api/v1/auth/verify-email,30,4.839681,9.065504,9.263316,5.225636033333333,9.263316,4.0,106.0,{'200': 30},HTTP + PostgreSQL
GET,/api/v1/categories,30,1.653914,3.907997,5.294737,2.109767333333333,5.294737,1.0,1241.0,{'200': 30},HTTP + PostgreSQL
GET,/api/v1/customer/campaign-reservations,30,5.761606,9.680373,10.409675,6.2628789000000005,10.409675,4.0,665.0,{'200': 30},HTTP + PostgreSQL
POST,/api/v1/customer/campaigns/{id}/reservations,30,16.608969,23.521371,23.82868,16.530561,23.82868,20.0,1162.0,{'200': 30},HTTP + PostgreSQL
GET,/api/v1/customer/cart,30,11.282087,18.65895,21.801471,11.739706633333332,21.801471,8.0,11486.0,{'200': 30},HTTP + PostgreSQL
POST,/api/v1/customer/cart/checkout,30,44.508767,83.380165,104.438006,50.2284016,104.438006,76.0,5727.0,{'201': 30},HTTP + PostgreSQL
POST,/api/v1/customer/cart/items,30,12.35765,23.807521,26.371036,13.038051133333333,26.371036,11.0,12029.733333333334,{'201': 30},HTTP + PostgreSQL
DELETE,/api/v1/customer/cart/items/{itemId},30,5.544545,10.692773,10.715449,6.4454397666666665,10.715449,7.0,0.0,{'204': 30},HTTP + PostgreSQL
PATCH,/api/v1/customer/cart/items/{itemId},30,9.462003,15.419389,15.629914,10.108707399999998,15.629914,11.0,11467.466666666667,{'200': 30},HTTP + PostgreSQL
GET,/api/v1/customer/following,30,4.262696,9.121396,9.744285,5.2003112666666675,9.744285,4.0,411.0,{'200': 30},HTTP + PostgreSQL
DELETE,/api/v1/customer/following/{orgId},30,5.724362,14.21841,15.277862,7.1514986333333335,15.277862,6.0,89.0,{'200': 30},HTTP + PostgreSQL
PATCH,/api/v1/customer/following/{orgId},30,4.13899,8.939097,9.341278,5.109113933333333,9.341278,5.0,255.0,{'200': 30},HTTP + PostgreSQL
POST,/api/v1/customer/following/{orgId},30,4.819656,8.082249,9.637915,5.297968333333333,9.637915,6.0,247.0,{'200': 30},HTTP + PostgreSQL
GET,/api/v1/customer/notifications,30,5.472201,10.329577,14.235929,6.349733233333334,14.235929,5.0,8813.0,{'200': 30},HTTP + PostgreSQL
PATCH,/api/v1/customer/notifications/read-all,30,4.081514,7.819739,8.343117,4.634679533333334,8.343117,4.0,132.0,{'200': 30},HTTP + PostgreSQL
GET,/api/v1/customer/notifications/stream,30,4.571138,9.405041,9.554028,5.423749166666667,9.554028,3.0,13.0,{'200': 30},SSE first line
GET,/api/v1/customer/notifications/unread-count,30,4.077582,8.266987,8.864243,4.749351000000001,8.864243,4.0,126.0,{'200': 30},HTTP + PostgreSQL
PATCH,/api/v1/customer/notifications/{id}/read,30,3.941785,10.678363,15.965985,4.6901222,15.965985,5.0,402.9,{'200': 30},HTTP + PostgreSQL
GET,/api/v1/customer/orders,30,13.335962,18.947043,20.039781,13.993192933333335,20.039781,25.0,122724.0,{'200': 30},HTTP + PostgreSQL
POST,/api/v1/customer/orders/instant,30,9.6908,15.869891,17.803221,10.2800733,17.803221,12.0,901.0,{'201': 30},HTTP + PostgreSQL
GET,/api/v1/customer/orders/{id},30,7.017631,13.248129,13.667064,7.693964233333333,13.667064,6.0,1398.0,{'200': 30},HTTP + PostgreSQL
PATCH,/api/v1/customer/orders/{id}/cancel,30,8.988772,15.323172,28.42815,10.001299,28.42815,16.0,1007.6333333333333,{'200': 30},HTTP + PostgreSQL
GET,/api/v1/customer/orders/{orderId}/campaign-context,30,4.310986,8.458703,8.510266,4.7922545,8.510266,5.0,169.0,{'200': 30},HTTP + PostgreSQL
GET,/api/v1/customer/orders/{orderId}/history,30,4.706387,10.730227,11.396996,5.7015652,11.396996,5.0,415.0,{'200': 30},HTTP + PostgreSQL
POST,/api/v1/customer/orders/{orderId}/pickup-token,15,4.907001,9.956694,9.956694,6.194295666666666,9.956694,9.0,279.0,{'200': 15},HTTP + PostgreSQL
GET,/api/v1/customer/profile,30,4.494935,12.949411,14.588033,6.3511564,14.588033,4.0,346.0,{'200': 30},HTTP + PostgreSQL
PATCH,/api/v1/customer/profile,30,3.736341,8.143471,8.406738,4.594211666666666,8.406738,4.0,352.0,{'200': 30},HTTP + PostgreSQL
GET,/api/v1/customer/restock-subscriptions,30,4.356623,9.670172,10.517764,5.0183247,10.517764,4.0,423.0,{'200': 30},HTTP + PostgreSQL
POST,/api/v1/customer/restock-subscriptions,30,5.308608,10.907597,11.428447,6.605928666666667,11.428447,6.0,229.0,{'200': 30},HTTP + PostgreSQL
DELETE,/api/v1/customer/restock-subscriptions/{merchId},30,3.205391,8.258624,8.909316,3.833463,8.909316,5.0,91.0,{'200': 30},HTTP + PostgreSQL
GET,/api/v1/customer/wishlist,30,5.256617,10.842397,11.380861,6.188236366666667,11.380861,7.0,161.0,{'200': 30},HTTP + PostgreSQL
DELETE,/api/v1/customer/wishlist/{merchId},30,3.638773,8.276718,8.443577,4.2646703,8.443577,8.0,0.0,{'204': 30},HTTP + PostgreSQL
POST,/api/v1/customer/wishlist/{merchId},30,6.234129,9.918921,10.07856,6.5938384,10.07856,13.0,670.8333333333334,{'201': 30},HTTP + PostgreSQL
GET,/api/v1/dev/otps,30,1.947211,5.085712,6.184094,2.388283966666667,6.184094,2.0,171.0,{'200': 30},HTTP + PostgreSQL
POST,/api/v1/organizations,30,3.536864,7.78408,8.996411,4.3501886,8.996411,4.0,402.0,{'201': 30},HTTP + PostgreSQL
GET,/api/v1/organizations/mine,30,6.64248,14.294022,18.644375,8.043149733333333,18.644375,7.0,6547.0,{'200': 30},HTTP + PostgreSQL
PATCH,/api/v1/organizations/{id},30,4.767562,8.844275,9.613266,5.740068833333334,9.613266,6.0,429.0,{'200': 30},HTTP + PostgreSQL
GET,/api/v1/organizations/{orgId}/analytics,30,10.393463,14.904747,15.446942,10.6303208,15.446942,4.0,878.0,{'200': 30},HTTP + PostgreSQL
GET,/api/v1/organizations/{orgId}/campaigns,30,4.828539,10.488996,10.534878,5.509435033333333,10.534878,5.0,709.0,{'200': 30},HTTP + PostgreSQL
POST,/api/v1/organizations/{orgId}/campaigns,30,7.359917,10.831839,11.292885,7.5058940666666665,11.292885,12.0,530.0,{'200': 30},HTTP + PostgreSQL
GET,/api/v1/organizations/{orgId}/campaigns/{campaignId},30,3.798934,8.243299,10.589097,4.6998503,10.589097,7.0,519.0,{'200': 30},HTTP + PostgreSQL
POST,/api/v1/organizations/{orgId}/campaigns/{id}/cancel,30,5.684298,12.917603,14.896285,6.670610466666667,14.896285,11.0,529.9,{'200': 30},HTTP + PostgreSQL
GET,/api/v1/organizations/{orgId}/events,30,4.578908,8.900587,9.581986,5.5420498,9.581986,6.0,6297.0,{'200': 30},HTTP + PostgreSQL
POST,/api/v1/organizations/{orgId}/events,30,4.772746,8.962485,8.998823,5.619625233333334,8.998823,10.0,353.0,{'201': 30},HTTP + PostgreSQL
DELETE,/api/v1/organizations/{orgId}/events/{id},30,3.35003,7.388973,15.343668,4.165162633333334,15.343668,6.0,0.0,{'204': 30},HTTP + PostgreSQL
GET,/api/v1/organizations/{orgId}/events/{id},30,7.812725,15.971316,17.883812,8.1921261,17.883812,8.0,814.0,{'200': 30},HTTP + PostgreSQL
PATCH,/api/v1/organizations/{orgId}/events/{id},30,5.060508,8.576572,8.868915,5.6412119,8.868915,10.0,408.73333333333335,{'200': 30},HTTP + PostgreSQL
POST,/api/v1/organizations/{orgId}/events/{id}/merch,30,9.638986,17.605173,19.602098,10.340500366666667,19.602098,12.0,821.7,{'201': 30},HTTP + PostgreSQL
DELETE,/api/v1/organizations/{orgId}/events/{id}/merch/{merchId},30,4.070642,7.813187,9.647695,4.666213866666666,9.647695,8.0,0.0,{'204': 30},HTTP + PostgreSQL
GET,/api/v1/organizations/{orgId}/merchs,30,4.375708,7.111558,7.339867,4.837204266666666,7.339867,7.0,7889.0,{'200': 30},HTTP + PostgreSQL
POST,/api/v1/organizations/{orgId}/merchs,30,4.692645,13.043069,22.070454,5.8916262,22.070454,6.0,424.0,{'201': 30},HTTP + PostgreSQL
DELETE,/api/v1/organizations/{orgId}/merchs/{id},30,2.983588,6.889748,7.279005,3.7454988,7.279005,6.0,0.0,{'204': 30},HTTP + PostgreSQL
GET,/api/v1/organizations/{orgId}/merchs/{id},30,3.110118,7.13781,7.403626,3.665157166666667,7.403626,6.0,520.0,{'200': 30},HTTP + PostgreSQL
PATCH,/api/v1/organizations/{orgId}/merchs/{id},30,5.181968,9.302454,9.791289,5.917479366666667,9.791289,12.0,475.8,{'200': 30},HTTP + PostgreSQL
GET,/api/v1/organizations/{orgId}/orders,30,6.941385,10.269289,14.106063,7.822446966666666,14.106063,26.0,17398.0,{'200': 30},HTTP + PostgreSQL
POST,/api/v1/organizations/{orgId}/orders/pickup/checkin,30,7.246245,11.40137,12.311155,7.727556766666667,12.311155,18.0,965.6666666666666,{'200': 30},HTTP + PostgreSQL
POST,/api/v1/organizations/{orgId}/orders/pickup/verify,30,3.817045,7.289266,8.088162,4.4923778,8.088162,8.0,963.7,{'200': 30},HTTP + PostgreSQL
GET,/api/v1/organizations/{orgId}/orders/{id},30,2.702696,6.703004,6.742222,3.3394853333333336,6.742222,7.0,1398.0,{'200': 30},HTTP + PostgreSQL
PATCH,/api/v1/organizations/{orgId}/orders/{id}/cancel,30,6.187223,9.375376,9.775721,6.710789266666667,9.775721,15.0,1008.4333333333333,{'200': 30},HTTP + PostgreSQL
PATCH,/api/v1/organizations/{orgId}/orders/{id}/checkin,30,5.169495,8.458373,8.96906,5.8030661666666665,8.96906,14.0,965.6,{'200': 30},HTTP + PostgreSQL
PATCH,/api/v1/organizations/{orgId}/orders/{id}/status,30,5.42323,9.289881,9.395443,6.007368933333334,9.395443,13.0,969.5333333333333,{'200': 30},HTTP + PostgreSQL
GET,/api/v1/organizations/{orgId}/orders/{orderId}/campaign-context,30,2.755914,5.985058,7.326971,3.3149922666666667,7.326971,6.0,169.0,{'200': 30},HTTP + PostgreSQL
GET,/api/v1/organizations/{orgId}/orders/{orderId}/history,30,2.754964,6.382076,7.388198,3.3485874,7.388198,6.0,415.0,{'200': 30},HTTP + PostgreSQL
GET,/api/v1/organizations/{orgId}/pickup-schedules,30,4.363245,9.642963,10.58438,5.390705666666666,10.58438,6.0,495.0,{'200': 30},HTTP + PostgreSQL
POST,/api/v1/organizations/{orgId}/pickup-schedules,30,6.271772,14.446258,19.448539,7.844731666666666,19.448539,13.0,338.0,{'201': 30},HTTP + PostgreSQL
GET,/api/v1/organizations/{orgId}/pickup-schedules/{scheduleId}/orders,30,123.930619,157.681205,172.828958,127.78794786666667,172.828958,1007.0,986408.0,{'200': 30},HTTP + PostgreSQL
GET,/api/v1/organizer/notifications,30,4.430087,7.685052,11.184448,5.1467700999999995,11.184448,5.0,8191.0,{'200': 30},HTTP + PostgreSQL
PATCH,/api/v1/organizer/notifications/read-all,30,2.080596,4.130494,4.460238,2.4771216,4.460238,4.0,132.0,{'200': 30},HTTP + PostgreSQL
GET,/api/v1/organizer/notifications/stream,30,2.449773,7.92629,10.456008,3.5925457,10.456008,3.0,13.0,{'200': 30},SSE first line
GET,/api/v1/organizer/notifications/unread-count,30,2.79029,7.092431,7.353254,3.4226089,7.353254,4.0,126.0,{'200': 30},HTTP + PostgreSQL
PATCH,/api/v1/organizer/notifications/{id}/read,30,2.96148,7.585177,8.330401,3.5956748333333333,8.330401,5.0,403.0,{'200': 30},HTTP + PostgreSQL
GET,/api/v1/public/campaigns,30,3.220198,8.281247,8.656151,4.0105963,8.656151,2.0,6326.4,{'200': 30},HTTP + PostgreSQL
GET,/api/v1/public/campaigns/{id},30,2.130042,5.622152,6.98626,2.5049567,6.98626,4.0,519.0,{'200': 30},HTTP + PostgreSQL
GET,/api/v1/public/events,30,4.936742,9.805724,10.196037,5.633843433333333,10.196037,2.0,6239.0,{'200': 30},HTTP + PostgreSQL
GET,/api/v1/public/events/{id},30,2.325744,4.813729,5.030641,2.793827266666667,5.030641,5.0,813.0,{'200': 30},HTTP + PostgreSQL
GET,/api/v1/public/merch,30,4.279265,8.085642,8.762951,4.903120266666666,8.762951,3.0,7707.0,{'200': 30},HTTP + PostgreSQL
GET,/api/v1/public/merch/popular,30,15.01404,19.969706,22.119224,15.5674339,22.119224,5.0,3858.0,{'200': 30},HTTP + PostgreSQL
POST,/api/v1/public/merch/visual-search,15,10.554853,26.521785,26.521785,13.451153933333334,26.521785,3.0,3416.9333333333334,{'200': 15},AI stub + real keyword fallback
GET,/api/v1/public/merch/{id},30,3.010196,7.254865,9.095813,3.6677123666666662,9.095813,2.0,519.0,{'200': 30},HTTP + PostgreSQL
GET,/api/v1/public/merch/{merchId}/purchase-context,30,2.143708,5.172173,6.283918,2.8230356666666667,6.283918,3.0,150.0,{'200': 30},HTTP + PostgreSQL
POST,/api/v1/public/orders,30,7.532178,26.152763,28.676062,9.575680233333333,28.676062,8.0,920.0,{'201': 30},HTTP + PostgreSQL
GET,/api/v1/public/orders/{orderId},30,1.096868,3.086361,3.906127,1.4139923,3.906127,2.0,1227.0,{'200': 30},HTTP + PostgreSQL
POST,/api/v1/public/orders/{orderId}/pickup-receipt,30,2.147393,5.099638,5.499303,2.5139060666666664,5.499303,5.0,126.0,{'202': 30},HTTP + PostgreSQL
POST,/api/v1/public/orders/{orderId}/pickup-token,30,2.727643,5.509669,7.380283,3.3028749333333334,7.380283,8.0,279.0,{'200': 30},HTTP + PostgreSQL
GET,/api/v1/public/organizations,30,6.082457,9.158716,9.174255,6.270678733333333,9.174255,3.0,6028.0,{'200': 30},HTTP + PostgreSQL
GET,/api/v1/public/organizations/{id},30,1.875538,4.745946,5.43762,2.2176050333333333,5.43762,3.0,431.0,{'200': 30},HTTP + PostgreSQL
GET,/api/v1/public/organizations/{id}/events,30,3.363865,8.057923,8.13858,4.0176324333333335,8.13858,2.0,6239.0,{'200': 30},HTTP + PostgreSQL
GET,/api/v1/public/organizations/{id}/merch,30,3.389018,6.946224,7.111638,3.9844387,7.111638,3.0,7707.0,{'200': 30},HTTP + PostgreSQL
