method,path,samples,p50_ms,p95_ms,p99_ms,bytes_mean,statuses
GET,/,20,1.720924,3.967293,4.243543,258.9,{'200': 20}
GET,/api/v1/categories,20,424.821725,1552.614812,1603.51255,1241.0,{'200': 20}
GET,/api/v1/public/merch?size=20,20,1908.577393,4216.450059,4656.43219,12175.0,{'200': 20}
GET,/api/v1/public/merch?keyword=UIT&size=20,20,3136.00457,4752.530754,4778.997612,30531.0,{'200': 20}
GET,/api/v1/public/merch/popular,20,5554.772158,7155.128049,7900.044253,5467.0,{'200': 20}
GET,/api/v1/public/organizations?size=20,20,2914.971612,4590.56605,5887.949911,13430.0,{'200': 20}
GET,/api/v1/public/events?size=20,20,1852.90528,2321.723884,3076.289825,19212.0,{'200': 20}
GET,/api/v1/public/campaigns?size=20,20,1437.304904,2872.83456,2888.468171,1696.0,{'200': 20}
GET,/api/v1/public/merch/f0300000-0000-4000-8000-000000000001,20,1406.363128,1641.29802,1849.088346,604.0,{'200': 20}
GET,/api/v1/public/organizations/f0200000-0000-4000-8000-000000000001,20,1555.639415,1994.495388,2295.224252,581.0,{'200': 20}
GET,/api/v1/public/events/f0400000-0000-4000-8000-000000000001,20,2315.898118,2626.498025,2699.112801,1728.0,{'200': 20}
